source_id,industry,company,source_title,source_publisher,source_type,source_origin,url,publication_date,access_date,pricing_terms_used,information_tracked,company_position,summary,key_excerpts
consent-to-the-collection-and-use-of-personal-data-for-personalized-services,accommodation,marriott,"""Consent to the collection and use of Personal Data for personalized services""",Marriott,privacy notice,company,https://www.marriott.com/loyalty/terms/privacy/collectUsePersonalDataForPersonalizedServicesPage.mi,2025,2026-05-08,"personalized services, customized accommodations, preferred level of hospitality","""name, gender, language preference, date and place of birth, nationality, birthdays, anniversaries, loyalty program data, employer details, reservation and stay data, prior stays, purchases, special requests, social media and loyalty account links, companion data, preferences, interests, likes, dislikes, hobbies""",admits,"Marriott's consent page asks users to consent to collection and use of preference information for personalized services. It lists loyalty data, reservations and stays, products and services purchased, special requests, companions, preferences, interests, and hobbies, and says Marriott uses the data to provide personalized services and customized accommodations. It does not discuss price setting.","""I consent to the collection and use of my Preference Information by Marriott International, Inc."" | ""I may not be able to receive personalized services."" | ""To provide personalized services and meet customers' expectations and preferred level of hospitality"""
mar-q4-earnings-transcript-2-12-25-final,accommodation,marriott,"""Marriott International Fourth Quarter 2024 Earnings Conference Call Transcript""",Marriott Investor Relations,earnings call,company,https://marriott.gcs-web.com/static-files/f2d26d1f-8bc5-4a1b-8dcf-58222b449687,2025-02-11,2026-05-08,"RevPAR, ADR, demand, revenue engines, revenue upside, personalized experiences","""customer segments, leisure demand, business transient demand, group demand, booking pace, Marriott Bonvoy members, app downloads, digital interactions""",admits,"Marriott's Q4 2024 earnings transcript discusses RevPAR, ADR, demand by segment, Bonvoy growth, technology transformation, and revenue engines. The transcript frames pricing through standard hotel metrics such as RevPAR, ADR, occupancy, and group revenues, and says technology investments may create revenue upside for owners. It does not describe individualized consumer price setting.","""global RevPAR rose over 4 percent"" | ""U.S. & Canada saw its best quarterly RevPAR growth of the year... primarily driven by higher ADR."" | ""elements of that tech transformation... meaningful revenue upside for our owners."""
marriott-annual-report,accommodation,marriott,"""Marriott Annual Report""",Marriott Investor Relations,annual report,company,https://marriott.gcs-web.com/static-files/f2d26d1f-8bc5-4a1b-8dcf-58222b449687,unknown,2026-05-08,"none stated","""none stated""",unclear,"This source folder contains only metadata.json and no raw.txt, raw.html, or raw.pdf. The metadata URL duplicates the Q4 2024 earnings transcript URL rather than clearly pointing to an annual report. The row is retained to preserve one tracker row per source folder, but the source could not be processed for pricing claims or term counts without source text.","""source text unavailable; metadata-only folder"""
marriott-accelerates-ai-and-cloud-transformation-as-q1-2026-revpar-rises-62-perc,accommodation,marriott,"""Marriott accelerates AI and cloud transformation as Q1 2026 RevPAR rises 6.2 percent""",InfotechLead,news article,third party with company statement,https://infotechlead.com/cio/marriott-accelerates-ai-and-cloud-transformation-as-q1-2026-revpar-rises-6-2-percent-95655,2026-05-06,2026-05-08,"AI pricing algorithms, dynamically adjusting room rates, AI-driven personalization, targeted promotions, next best action offers, attribute-based selling, revenue optimization","""Bonvoy member data, customer engagement data, room inventory, demand, booking data, travel recommendations, app user activity, preferred views, floor levels, room layouts""",admits,"InfotechLead reports that Marriott is accelerating AI, cloud migration, and digital personalization across customer engagement, revenue management, and operations. The article says Marriott uses Bonvoy member data for customized recommendations, targeted promotions, and next-best-action offers, and that AI pricing algorithms dynamically adjust room rates and inventory in real time. It attributes technology modernization to Marriott executives, including CEO Anthony Capuano.","""Marriott's AI-driven personalization platform is leveraging data from its 210 million Bonvoy members"" | ""advanced AI pricing algorithms are dynamically adjusting room rates and inventory in real time"" | ""attribute-based selling... preferred views, floor levels, or room layouts."""
marriott-ceo-at-skift-global-forum-2024-video-transcript,accommodation,marriott,"""Marriott CEO Anthony Capuano: Loyalty, Luxury, and Hotel Tech - Full Video, Skift Global Forum 2024""",Skift,interview transcript,third party with company statement,https://skift.com/2024/09/30/marriott-ceo-anthony-capuano-loyalty-luxury-and-hotel-tech-full-video-skift-global-forum-2024/,2024-09-30,2026-05-08,"loyalty, technology, revenue, unique experiences, partnerships","""Marriott Bonvoy membership, loyalty engagement, partner activity, customer preferences, travel experiences""",clarifies/qualifies,"Skift summarizes an interview with Marriott CEO Anthony Capuano at Skift Global Forum 2024. The saved text discusses Marriott Bonvoy as a central growth engine, partnerships, technology overhaul, and expansion beyond traditional hotel stays into experiences. The raw text does not include detailed pricing claims, but it does attribute Marriott's loyalty and technology strategy to Capuano.","""Marriott Bonvoy loyalty program... Capuano describes as a central growth engine."" | ""shift Bonvoy from a purely transactional platform to one that offers unique experiences"" | ""The interview also covered Marriott's technological overhaul and recent deals with MGM Resorts and Sonder."""
marriott-group-global-privacy-statement,accommodation,marriott,"""Marriott Group Global Privacy Statement""",Marriott,privacy policy,company,https://www.marriott.com/about/privacy.mi,2026-01-01,2026-05-08,"personalized experience, targeted advertising, marketing, automated chat, AI-powered technologies, personalizing the Services","""loyalty account number, reservations, stays, preferences, cookies, tags, advertising identifiers, transaction data, purchase history, geolocation, app and website interactions, partner program data""",admits,"Marriott's global privacy statement describes collection, use, and sharing of personal data for services, personalization, loyalty programs, marketing, advertising, analytics, automated chat, AI-powered technologies, and privacy preferences. It states Marriott uses cookies and tags to provide a personalized experience and shares data with licensees, owners, advertising partners, and service providers. The statement does not directly say Marriott uses personal data to set individualized room prices.","""we use digital tools like cookies and tags on our webpages"" | ""Cookie Preferences... ensure we provide you with personalized experience"" | ""third-party service providers including... automated chat functionalities or AI-powered technologies, data analysis... marketing"""
marriott-international-reports-fourth-quarter-and-full-year-2025-results,accommodation,marriott,"""Marriott International Reports Fourth Quarter and Full Year 2025 Results""",Marriott News Center,company statement,company,https://news.marriott.com/news/2026/02/10/marriott-international-reports-fourth-quarter-and-full-year-2025-results,2026-02-10,2026-05-08,"RevPAR, ADR, revenue, rate, co-branded card fees","""Marriott Bonvoy membership, member stays, room nights, ADR, RevPAR, room growth, development pipeline, co-branded card portfolio""",admits,"Marriott's Q4 and full-year 2025 results release reports worldwide RevPAR growth, ADR-driven fourth-quarter performance, fee growth, net rooms growth, Marriott Bonvoy membership growth, and 2026 RevPAR expectations. CEO Anthony Capuano says Marriott's 2025 results reflect brand strength, customer experiences, and development momentum, with Bonvoy member stays accounting for a large share of room nights. The source discusses conventional hotel revenue metrics and loyalty engagement rather than individualized consumer price setting.","""Fourth quarter 2025 RevPAR increased 1.9 percent worldwide"" | ""In the fourth quarter, worldwide RevPAR rose 1.9 percent, driven by ADR gains."" | ""Member stays in 2025 accounted for 75 percent of room nights in the U.S. & Canada and 68 percent globally."""
marriotts-not-selling-just-rooms-anymore-inside-its-bet-on-ai,accommodation,marriott,"""Marriott's Not Selling Just Rooms Anymore - Inside Its Bet on AI""",Skift,news article,third party with company statement,https://skift.com/2024/06/04/marriotts-not-selling-just-rooms-anymore-inside-its-bet-on-ai/,2024-06-04,2026-05-08,"generative AI, personalized experiences, attribute-based booking, bespoke experiences, revenue models, pricing power","""customer preferences, booking attributes, room attributes, search data, Marriott technology interactions""",admits,"Skift reports that Marriott wants to use generative AI and technology to reinvent itself as a travel retailer offering bespoke experiences and attribute-based booking. Drew Pinto, Marriott's chief revenue and technology officer, describes the initiative as Marriott's largest technology transformation. The saved text is truncated before the full quote completes, but it clearly attributes Marriott's AI and personalization strategy to Pinto and Skift's reporting.","""Marriott is looking to tap AI to reinvent itself as a travel retailer"" | ""letting customers create bespoke experiences much the way they do today when booking an airline ticket"" | ""It's the biggest tech transformation we've ever done"""
united-states-consumer-privacy,accommodation,marriott,"""United States Consumer Privacy""",Marriott,privacy policy,company,https://www.marriott.com/about/us-consumer.mi,2026-01-01,2026-05-08,"discounts, rewards, loyalty program, targeted advertising, personalize, advertising, marketing","""transaction information, purchase history, payment methods, membership or loyalty program data, geolocation data, sensitive personal data, stay details, personal preferences, partner program data, credit card category spend, advertising data""",admits,"Marriott's U.S. consumer privacy statement describes categories of personal data collected, sold, shared, or disclosed, including commercial information, geolocation data, sensitive personal data, and loyalty program data. It says Marriott uses data to personalize, advertise, and market products and services and explains the Marriott Bonvoy loyalty program as a financial incentive or bona fide loyalty program related to discounts and rewards. It says Marriott sells or shares some personal data for marketing and online advertising, but says sensitive personal data is not sold or shared and is not used to infer characteristics beyond permitted purposes.","""Marriott sells or shares the Personal Data solely for the purposes of Marketing, Advertising, Promotions, Contests & Third-Party Products."" | ""using Personal Data to... personalize, advertise, and market our products and services"" | ""Marriott International offers guests the opportunity to participate in the Marriott Bonvoy Loyalty Program"""
